gender,F0
M,157.6648691435994
M,75.30802242168663
M,74.99396738050471
M,121.7135545588314
M,167.12988292441634
M,115.89281042718382
M,11.028051652507884
M,116.75202651754289
M,151.4399680894964
M,89.97896308831959
M,52.155586178354014
M,94.26787277030412
M,143.88292174977997
M,193.5095957782973
M,94.72835765437917
M,113.4994653143062
M,23.505777250557514
M,147.39922888061258
M,164.40685649500858
M,109.81894953072208
M,115.24730488297985
M,59.43003733296096
M,150.55763311565917
M,203.0644664524009
M,171.3893869419658
M,144.38606551329326
M,84.43874245358697
M,177.93599889249037
M,169.01142393049903
M,65.14935736240196
M,182.6356273094449
M,95.6382798802814
M,94.86344382095439
M,104.03822633320927
M,65.64336194619851
M,67.67132598596925
M,37.23528348761501
M,150.9264263229982
M,86.13431873406107
M,177.9084243792086
M,41.88726057132993
M,122.75149076163407
M,121.27236920090826
M,182.21237542667666
M,40.57443651909885
M,128.80091229725716
M,204.93229395007376
M,160.58439210398495
M,156.95605188764296
M,129.22211556449614
M,124.22673349680078
M,54.145269669926165
M,86.5015868523841
M,154.74947850988693
M,169.66988175713328
M,120.64069679408126
M,129.99750144272002
M,152.60285361413526
M,207.10647335743815
M,108.16092143898499
M,140.7723987228811
M,141.98638727249832
M,233.64833661938954
M,111.2808161365586
M,169.43293089159747
M,68.56937719063001
M,7.865305217499596
M,118.05574923097218
M,139.63286422119833
M,100.14966805798583
M,102.15005501388978
M,245.09383226617814
M,114.9053478133829
M,138.465738039273
M,161.21237319985335
M,177.39015191425167
M,53.896103355319724
M,175.9225729854191
M,89.17075081438003
M,31.7634322158342
M,145.21339081112092
M,76.21559401956208
M,138.67556985767808
M,127.89529170167408
M,168.73089769616237
M,75.87771376855414
M,102.3636235512287
M,137.59223627599687
M,148.9010596032776
M,53.364005745600906
M,169.4419843773009
M,215.4449770007917
M,156.23606984068775
M,139.91367949109872
M,91.03332689279239
M,149.63672494631473
M,129.59415027881974
M,137.88784114797073
M,78.82274919050231
M,137.3157823859176
M,147.0535360131176
M,143.57643498024296
M,125.82860238985171
M,156.94941884870093
M,134.41438867385483
M,88.95159664350587
M,212.06604107429848
M,84.66409317849725
M,113.74111639169566
M,140.49185746321737
M,109.72273228792398
M,187.14852340643802
M,179.0936063521855
M,51.73226895551767
M,114.36483561176138
M,33.55767775201208
M,98.94255221785741
M,139.783223043324
M,113.02979060001199
M,66.00549631272654
M,206.14669306455863
M,160.21323843419054
M,126.32491699729593
M,124.29180885310828
M,36.384431671231056
M,36.876479160847566
M,54.6072932594727
M,194.4946629763195
M,15.521194379653721
M,135.0033614586135
M,46.20606000497874
M,136.920426787647
M,98.6044594670913
M,66.58582290481871
M,148.80351622395975
M,125.85169492420971
M,191.7636329517718
M,-10.198197048850204
M,94.28610412660478
M,47.03931058333856
M,182.03088685164363
M,44.90357855100346
M,99.74130763546978
M,174.5335061018172
M,115.67468597405633
M,204.8794205105147
M,48.907468572606575
M,174.5613838242953
M,115.11460992039147
M,119.10774317914678
M,127.6210595565266
M,133.9542970486881
M,155.2051178695143
M,47.42810392485356
M,43.63367085598841
M,141.36918103804697
M,118.759790306954
M,120.19703258207879
M,141.41508084429006
M,119.17815248827827
M,125.74513528096573
M,94.06132167613623
M,146.28136893527378
M,201.16645093915076
M,77.85425775336854
M,148.39913656486237
M,67.22967310127329
M,-7.52215121874913
M,201.09315747633195
M,128.16428586457388
M,110.92865107932332
M,120.37471977821656
M,144.76001425924463
M,104.77146800050855
M,155.83486896361836
M,142.18321802013045
M,126.52720731568725
M,70.86039079288764
M,186.29695119603832
M,122.84693614265956
M,160.19313259093911
M,125.87797863252507
M,165.45119505656615
M,107.38233973960934
M,85.39193683464654
M,90.43207675106747
M,163.59520237475223
M,217.0233396655194
M,153.2200415003529
M,62.166987748167685
M,168.10796331476848
M,227.8555559762769
M,111.47718821436345
M,93.74332134877068
M,157.89978186272836
M,88.97758993328921
M,85.81239105279528
M,107.86019947771517
M,90.26947966499053
M,134.4335645101484
M,142.96730430720785
M,167.68140113893477
M,135.88651628170786
M,86.25872469484887
M,142.27144523820235
M,122.80900583719567
M,137.09349082288293
M,135.85188314656762
M,18.374714091886958
M,25.47013592073945
M,197.92785356232133
M,139.85901543486253
M,38.27776506289686
M,51.80550532563919
M,119.06092628175772
M,127.58391876342279
M,122.09225885128257
M,140.34100469645153
M,133.74941310783868
M,181.16944524873384
M,101.2808044348431
M,56.174895415236385
M,137.47515481932612
M,95.56830938972942
M,148.91376361628645
M,74.29087915431538
M,169.21067746515612
M,74.33270694855648
M,87.02321843160144
M,48.62234106839311
M,164.22276253493638
M,79.17902093453776
M,150.94033034261935
M,44.052601911095095
M,215.4413317881037
M,75.60267462372322
M,118.48184743690366
M,144.3720668224223
M,174.87954840940705
M,87.25138544157195
M,203.05905263550284
M,59.880144969063814
M,150.85200175713766
M,94.9172424283123
M,245.19560339477584
M,97.55878252211059
M,111.78521548945356
M,251.82709559346887
M,68.45722448891814
M,106.85417353138513
M,132.3016414288879
M,87.08824541694732
M,150.76613103491417
M,166.04910413764236
M,96.86638484493449
M,99.02611269409836
M,112.73478635063158
M,149.62833811116465
M,187.92403915351576
M,177.92464394912227
M,67.81037561526355
M,95.56012989255105
M,39.36611565144575
M,100.95007315919604
M,157.1716642135611
M,164.5077791990225
M,110.33803112381545
M,135.0029278516875
M,142.6397289796363
M,95.89728302512341
M,191.19598984884925
M,172.03630589532617
M,127.28818855070428
M,78.47683582309696
M,116.34319462487387
M,200.74255812477278
M,128.60000981352636
M,203.48960994520303
M,106.23055852056969
M,128.78386447691815
M,202.81859251659046
M,114.6759888789522
M,117.73484557338867
M,164.25967736886065
M,114.78251628393457
M,122.01094396382936
M,122.41230259444917
M,151.18559435703628
M,167.6676753000107
M,111.56220161145646
M,97.1657042874049
M,163.05973036503002
M,-15.935875903978541
M,90.34076926206569
M,104.61574392777602
M,150.02555342539264
M,50.08961183552678
M,121.59980270536573
M,75.51728172135356
M,144.68450190604113
M,55.77020934405995
M,59.42865478672656
M,168.82448453188672
M,77.1513617680077
M,160.2102514825994
M,123.4689058671916
M,52.62250007953851
M,74.79751763386123
M,169.36751213045568
M,87.21518773597194
M,90.75940000244339
M,232.52745133084284
M,113.81483986790838
M,104.96860290713995
M,140.02287862705572
M,80.62421495330506
M,86.28444030510056
M,139.38425511721087
M,47.00635239799689
M,172.8822509216726
M,142.30611743114002
M,182.3103914282908
M,20.55275534498918
M,147.7471337685649
M,123.92214212518017
M,149.14563477341466
M,17.297901145201962
M,138.37323444126068
M,35.58191445531425
M,115.26437337697188
M,201.17773594706014
M,103.08076353962238
M,117.01745694572175
M,110.57192504997172
M,101.75815860574971
M,87.47960560150831
M,161.32615098100277
M,153.07196941081364
M,131.43891392096836
M,47.88982305043636
M,127.30552303090428
M,112.42465214152222
M,82.5507934980777
M,87.87198991000946
M,71.78099875668858
M,147.04966144839682
M,133.49033136987728
M,62.8296428118376
M,18.937661995419518
M,153.36484488094328
M,121.75408972854606
M,149.47690620370471
M,159.7285531237125
M,162.19049891990022
M,125.96353905984422
M,143.57197438366055
M,144.38728306082237
M,128.19013719808515
M,156.9157024824556
M,190.02530768587624
M,140.8852578646036
M,136.93961808351384
M,99.40827904999702
M,78.19996358759694
M,151.9538100709496
M,4.231040821149762
M,100.34865027114442
M,19.205879870642576
M,176.78706499707252
M,140.39700988741075
M,110.39914371782089
M,86.20328110247988
M,82.23189107751071
M,61.39802769770661
M,138.42052657738765
M,112.74019930293942
M,77.18608754561194
M,164.68532040008282
M,106.34142625357657
M,154.24040269963038
M,124.38653955521157
M,39.39655265892927
M,92.47759250836548
M,131.5440359333115
M,8.670137919439782
M,117.68379511602508
M,105.76004282320216
M,88.90252463712963
M,84.76819974417468
M,155.43690245504945
M,141.32241962545214
M,170.56911461868847
M,87.67046198072039
M,101.85656781854433
M,212.4546171501653
M,65.51935791775415
M,164.21178937108155
M,173.0072974503643
M,68.91365451208625
M,90.47492831093845
M,125.39131367694384
M,139.34322015367306
M,160.27670505154677
M,189.56980193916723
M,84.90064068996102
M,140.8112453619578
M,123.91779253380936
M,77.57074036745554
M,194.68747498388882
M,163.140684582451
M,156.12049840503605
M,174.09412457575465
M,130.60960296982074
M,151.43503531108175
M,127.96736022632012
M,200.50026557629053
M,177.2427309593364
M,121.05272375720904
M,104.51027011365795
M,147.68233842230026
M,23.48995530954174
M,156.66056939657759
M,109.54490069772248
M,152.17913493166196
M,68.83835863728461
M,81.89803950675338
M,110.48646719775951
M,128.80867538253466
M,160.8462339313187
M,184.21319994531365
M,133.64871823550646
M,92.10096794375413
M,100.49079855961674
M,191.7565162603221
M,98.31922537356851
M,86.41539980988436
M,34.42816291539776
M,64.90761887453817
M,54.97325538901114
M,116.64542400440187
M,87.63462330354702
M,113.97198408077722
M,85.62549099771971
M,212.64390837740441
M,58.780693393104215
M,160.02951177516312
M,113.70121295946817
M,154.35346759505993
M,164.3129240144354
M,173.56519276024255
M,163.92940600403085
M,124.04622912305774
M,126.00778696968065
M,108.6921621263431
M,132.06101303701774
M,153.70771460426982
M,169.73394414384381
M,58.62871261546741
M,119.13346514201454
M,112.11374656570416
M,80.63060648566176
M,164.15898563371013
M,125.96077291108567
M,146.1339686469348
M,203.18483695816622
M,40.82857932408602
M,150.4806488748753
M,78.02877120408853
M,82.83970624330259
M,114.388977791016
M,57.719827756129256
M,168.4270179866529
M,135.78727452858445
M,145.2751144047801
M,84.01285059984757
M,184.1375624738159
M,78.6514902327868
M,119.84477664665089
M,173.60822867204314
M,101.90409070481554
M,63.411062674591335
M,130.11041813904504
M,87.71496359183254
M,72.14341690343714
M,186.21644521780206
M,88.81933491581525
M,205.69843507780485
M,76.17663904527303
M,222.0553919787466
M,81.18518860953192
M,99.31707259784116
M,170.21237605120652
M,106.49728573404266
M,137.09109908508964
M,140.6815218993021
M,155.9012088184401
M,141.66488074272354
M,182.4245160888488
M,77.85280417722771
M,28.388511285424457
M,102.1342409335832
M,153.34665839286916
M,77.25178045021849
M,169.43175996346332
M,62.79578849998579
M,102.22301413478172
M,117.54625896192884
M,138.71961326575587
M,97.1296483422862
M,228.92462035737168
M,182.9600108592311
M,94.12557767575153
M,143.16971375894724
M,202.6527578395909
M,95.40189426041974
M,120.50601123330325
M,146.42714846204342
M,174.62030093595556
M,226.05349630949883
M,174.1235128589418
M,148.34144318681666
M,56.18560743998327
M,66.16486888867563
M,120.79814242882516
M,69.15632703417072
M,219.78981983763447
M,111.31321610467079
M,124.96240436228425
M,150.12209190256777
M,141.94050438660054
M,192.77899230531406
M,115.01726567305066
M,231.1397947350503
M,121.83864063248184
M,170.48614789159794
M,115.06526069040588
M,51.986896595856734
M,90.40249842339674
M,152.4730851912072
M,127.42094408782638
M,227.0790128026003
M,135.5416202294066
M,59.689288358842965
M,114.37323570420972
M,94.67006173364351
M,168.49191315498834
M,172.75582113603355
M,174.22899584816224
M,76.72926907694199
M,137.246560605315
M,97.31496429469334
M,-5.221659691340491
M,79.37311738699285
M,46.94760991594515
M,88.85436833740013
M,195.03694957903434
M,143.1618127202228
M,140.86789183853398
M,134.92949695505453
M,132.1610700680744
M,156.21134263152678
M,58.46630942999904
M,203.74108850175585
M,95.67375637447071
M,138.91224914838585
M,183.3670998079985
M,144.07332980436823
M,101.25944015906823
M,83.88883334843068
M,101.43841777717294
M,83.88837399787545
M,51.035177522400076
M,66.36907440030538
M,12.623769676044702
M,122.65853623600628
M,131.7112916268788
M,176.62719919457342
M,142.3628085611312
M,81.00823550773512
M,127.78886175831109
M,155.9738875009086
M,91.75975646035705
M,153.9046530548344
M,149.19228345355373
M,151.50051866910044
M,200.24646108783548
M,96.89613556518418
M,128.04948726164778
M,75.5754010425582
M,143.51974353041274
M,140.0660930651531
M,102.48270439109918
M,169.6074261120748
M,85.7124063565883
M,84.77811192695177
M,221.69604797571535
M,106.04750997040843
M,125.40327057940979
M,134.02314326954462
M,-46.820970117352374
M,125.0307871869976
M,115.68420014153497
M,188.65231928056573
M,137.67367183067938
M,21.662746540756217
M,27.601419024434534
M,42.124472076283126
M,143.2698425010355
M,46.055489154518455
M,156.22891519373454
M,136.5895215543091
M,127.35711762600619
M,24.588476350019164
M,219.55278741742052
M,119.95080094593034
M,48.44882562419507
M,123.1864276575998
M,12.127107146197005
M,151.7981125538006
M,230.9978436461076
M,167.2526031638776
M,169.4255920972284
M,184.09540365965665
M,118.1684651931425
M,89.77781822785505
M,130.8532174331174
M,189.52518041040452
M,126.72466794217705
M,102.45104126618541
M,138.79125457696202
M,174.88180162360328
M,76.64251746934399
M,118.93929847407934
M,86.54424732111286
M,135.87786998338845
M,57.22734896007193
M,156.42407380442202
M,164.52449330762136
M,153.05031376024144
M,119.91931088432742
M,67.20347116985073
M,124.29251087120677
M,76.34348306001007
M,223.28644504294272
M,106.88973691147764
M,21.991181366839925
M,177.4332904512148
M,105.85580392985955
M,185.5995554727737
M,133.68591148549405
M,78.79235564294385
M,167.23657274559267
M,100.16618390436835
M,118.09730957050445
M,195.2865188085368
M,166.28003809952483
M,202.15459434744258
M,85.08753076932138
M,155.42136661178
M,146.0884409703903
M,126.80953872477697
M,198.54818008644753
M,249.02115262323392
M,199.56822058958852
M,104.80663147028845
M,145.38463483732053
M,157.9289813909139
M,72.49554241669452
M,115.43511782232972
M,128.71497905744658
M,40.84037578235399
M,130.15954192978324
M,86.15892242463994
M,100.4051153017637
M,130.7469412055969
M,175.0425204089446
M,135.5480063760903
M,97.25214216520526
M,40.0511304169986
M,107.09497579890842
M,74.66886660940162
M,98.29403923552817
M,105.956483851452
M,61.03711825481893
M,172.47762470815312
M,80.16628694906962
M,124.988721300202
M,119.72493758117442
M,238.72563089479942
M,192.85814742292752
M,135.17532092374623
M,141.02685081753486
M,242.3309493473527
M,109.51308274134642
M,85.96542904956287
M,126.05987640915579
M,132.21146605655986
M,40.438548285691766
M,183.67939827181385
M,144.87398435190752
M,40.594893896363146
M,83.23277354402968
M,163.7481053963814
M,102.21040977954378
M,141.82209498233138
M,43.834085877912614
M,154.28511484660095
M,159.34976701003603
M,94.483328684063
M,87.0101094061832
M,46.61574355606959
M,138.69351745229835
M,64.29455534014816
M,156.63819738593196
M,130.67438919890427
M,105.11860472970572
M,63.56472542589166
M,7.573548458215697
M,163.20738562750458
M,9.22611244187894
M,97.34946721495683
M,125.82803381903949
M,104.29260362212486
M,52.68655352480184
M,129.7692962771506
M,53.15687961488149
M,52.796352043624566
M,133.32228006191892
M,243.5784236021971
M,79.95632517604409
M,115.52216992446341
M,113.82295155145862
M,138.91560757267428
M,90.07055921676812
M,71.58618053731492
M,132.39927883254637
M,60.403048602984406
M,176.13071463299772
M,45.15139619123737
M,50.83495703695854
M,121.20047397749629
M,67.26171328389512
M,137.73089775228098
M,136.5294186816912
M,60.14249746012884
M,46.62621883158769
M,143.6392095525503
M,112.59440812553842
M,190.98912301731184
M,128.98786230426174
M,152.82485887090994
M,89.94065100661993
M,151.2712431248689
M,70.37657349368224
M,8.687222690979866
M,152.20305282138548
M,85.87985106479724
M,15.541944085889384
M,143.49723906986307
M,186.46461102803116
M,22.464380722558573
M,70.70994819764513
M,131.36401100140424
M,124.89617378101092
M,60.87884544747366
M,110.69752510219328
M,22.427949079368403
M,160.0053484533937
M,93.00794210685483
M,114.57862716859859
M,97.20749415356408
M,171.91623661971522
M,116.02694646795241
M,85.86766803018331
M,119.41588938779043
M,183.82870976812035
M,121.73864300004873
M,173.38229063911638
M,128.6112764018468
M,127.5642216401888
M,95.3890894093238
M,177.2063772551305
M,181.29648986363014
M,95.42814239989593
M,41.96471604819345
M,50.47860852160595
M,82.51335898970711
M,61.63873643251762
M,184.70181885435645
M,72.75406695296908
M,164.9737469375587
M,112.22533480752523
M,121.22961343485586
M,20.032272465339034
M,219.70636136858118
M,104.09952507598132
M,138.76184488805575
M,111.2681778532885
M,76.84539019684345
M,158.86805636099427
M,84.95113221998261
M,131.47690153705565
M,172.27581201130545
M,170.4877334514032
M,108.95369885722576
M,131.20494983363383
M,182.7618734579346
M,134.44203020378836
M,80.0206215787016
M,109.25004290220309
M,90.634739121335
M,106.99208195287723
M,86.78150634727675
M,141.42310184418966
M,172.7855043457853
M,123.19020856119607
M,164.15426631880487
M,194.9329191072675
M,71.29787574661353
M,87.49008891416436
M,136.89523187369258
M,32.76020512142797
M,71.90060027118285
M,197.19279919770685
M,36.54339490994147
M,156.3685716518543
M,192.54534745054718
M,97.61195741569298
M,108.53539717814338
M,160.22226709124277
M,153.51759007001647
M,178.62612739967716
M,92.1309766590654
M,197.9655572078298
M,98.80680545639251
M,74.74084750309942
M,109.67924887538562
M,111.33669279232102
M,72.81947789014498
M,159.1667409851991
M,114.8603459583208
M,232.105083583689
M,143.22813772866724
M,105.8784007670583
M,61.0568845508392
M,125.8462185339887
M,183.9562710152289
M,187.85528493648457
M,147.41546105568955
M,105.44398831697312
M,148.54184492535666
M,44.78365225354963
M,104.30732340426904
M,62.10864228757808
M,190.5782014852271
M,145.14505531601804
M,69.05640476576734
M,170.02899409300818
M,101.49300512276356
M,135.97683412448424
M,148.9059266878926
M,136.16882685317591
M,92.21908631122407
M,123.1843934496374
M,132.39259977099252
M,167.07281546608746
M,59.853775756326435
M,83.91982786860184
M,60.07718935629063
M,150.68636575501614
M,144.29934126615262
M,-2.5737029852805478
M,100.89972909934147
M,191.81403362850733
M,51.843464460440444
M,138.87395336997446
M,109.57258959920195
M,177.94756220904938
M,-1.3319360202325328
M,126.42350770812462
M,257.9750048343798
M,101.80480456512942
M,124.45449263715687
M,153.2059170524509
M,127.79224823156402
M,205.2684650087919
M,82.81568210188928
M,128.37770216276365
M,150.41012638343977
M,81.54955819388462
M,88.29446503971072
M,35.52211021064397
M,0.7844663892540211
M,41.91719693669005
M,83.95932191909117
M,-2.1549068790583874
M,87.13211725934889
M,110.69493722325007
M,83.11341503367251
M,133.71751182214632
M,160.26726474463135
M,61.06634084232267
M,120.25760754686709
M,168.055462892403
M,111.88141321956972
M,101.1824399500509
M,95.0040291359324
M,26.574894155380534
M,69.31554215428781
M,103.17146704201366
M,185.186823856037
M,130.7021526618055
M,129.31029478560117
M,93.14072362955805
M,86.67838243230642
M,149.93067310172924
M,83.7981324207713
M,162.81492027584116
M,172.9209993450192
M,117.86859040147533
M,97.08506287262026
M,155.40032528689312
M,54.120953401319085
M,105.16359659913766
M,91.43019460198238
M,86.1896290566037
M,95.75446922583288
M,140.35365120302444
M,128.839402311329
M,85.76203350657487
M,104.85010614548263
M,27.10043837095087
M,100.03347399457637
M,148.32055818347092
M,163.50854003747625
M,-7.246612941874943
M,62.3147527685907
M,218.83990569217826
M,152.1564343939266
M,138.76653381062474
M,129.33401917875094
M,98.22533819684409
M,130.046007791246
M,166.26705388164345
M,147.14671314547815
M,178.3010524607357
M,189.65186258876207
M,114.73021952044914
M,210.52695002816907
M,82.46519293728397
M,131.02799950069485
M,134.86734402515572
M,65.03445508158109
M,143.3424258088988
M,85.14679877508686
M,124.58403358964668
M,74.6728726952431
M,64.63997503003722
M,129.8105414673693
M,105.15334342455705
M,47.64029497234614
M,149.29875175133728
M,149.16060767832417
M,102.94559947727853
M,36.852832384511885
M,168.42172599230182
M,131.8694387142269
M,149.52394698349107
M,79.86739935778905
M,104.93534493893918
M,136.54647496811134
M,76.02137246935615
M,108.43965622014659
M,-6.179428395843345
M,212.38902431103716
M,141.24323762045074
M,118.52208219389652
M,96.72615215182066
M,137.1256018105692
M,76.94697389345205
M,144.5332647300114
M,118.17716235036487
M,165.23881435354065
M,112.55546896064328
M,177.92686025658242
M,98.88588456092924
M,181.56730877236814
M,133.13660178458457
M,54.73839743558467
M,88.33126349169035
M,8.36745913294726
M,192.1840537657302
M,156.45881044573935
M,195.94951192733652
M,128.0543965589319
M,103.19955110355876
M,132.3746773664622
M,60.925068438456336
M,68.63647305578688
M,79.30248142442576
F,176.11109962344938
F,219.49261275312298
F,180.46555616258308
F,124.89892439727541
F,213.3417749594215
F,121.2915097293731
F,251.6390901139896
F,248.02171154705292
F,201.2637239494562
F,241.32410843453005
F,111.01191385828369
F,198.0797362239226
F,264.6424988121386
F,252.4755679847094
F,231.42439756733427
F,202.37477471586467
F,154.93093142975783
F,340.847000096993
F,212.7256523578256
F,117.54271554376452
F,269.08209913113143
F,100.22996139224533
F,171.72898112782218
F,243.5747269434233
F,241.80416817903412
F,192.29816980779938
F,164.3768607811927
F,309.4171240838518
F,125.93247183694817
F,228.92021340883724
F,184.02095306075452
F,167.33724874731786
F,167.75212421150175
F,230.84558435566368
F,251.07421945474144
F,229.2117964588245
F,227.4751402822345
F,241.95538066256546
F,146.02042362712947
F,274.4327553821341
F,241.7357462179745
F,209.95465148035709
F,145.15462842410525
F,153.9025591793855
F,250.4610345941278
F,226.3078484465123
F,186.61180067518214
F,241.36448254614618
F,282.51067088518937
F,232.25247532226535
F,207.11318414130866
F,207.9814349067649
F,198.95344281451943
F,225.52946663609248
F,148.10846295965413
F,304.71951927790934
F,215.39945676763912
F,130.2626230118969
F,254.4694063455583
F,158.439953748669
F,208.975205937774
F,185.17066542653598
F,121.78066164228456
F,221.55973585779037
F,188.97796979030198
F,147.89667617911894
F,208.9476178378461
F,235.5706380968285
F,236.31364923361068
F,226.45328438295542
F,290.05929882153004
F,255.59699271470126
F,249.66613802029576
F,263.93455157624567
F,216.4454324470787
F,254.69278105443342
F,246.51506475887703
F,236.46444564990742
F,160.9009136550187
F,186.78178138258795
F,211.84070026729825
F,231.50135185780795
F,332.5913117766157
F,213.8687329240659
F,140.16806908337963
F,262.9066909440818
F,318.7467250359244
F,247.74922587681948
F,147.49244107925333
F,269.9941075149863
F,274.229686579888
F,259.70721045997374
F,236.315766601391
F,261.8058262691658
F,198.99660336597609
F,225.82381629362476
F,195.46720659576434
F,86.28069779302831
F,220.688997362049
F,224.56032336998047
F,269.39304768275304
F,319.74900759339903
F,241.58120205002348
F,253.58151375407286
F,255.53420412427758
F,236.56720410766428
F,197.6110056347105
F,140.3393118934275
F,201.89826072671872
F,154.67313044174244
F,289.7129646843773
F,248.8498293612761
F,271.3741348471772
F,220.96731400359062
F,302.47188249745415
F,201.52251290268288
F,198.88730439618737
F,198.62539105879586
F,181.69906829912435
F,271.3819363722083
F,175.8672682671647
F,185.4865753315574
F,315.04673146674213
F,240.99778429773153
F,159.95176824951292
F,245.57951901042304
F,173.23464177945596
F,191.5720582743731
F,238.36784978042422
F,144.29408020668302
F,295.80796050867195
F,212.0821179285466
F,152.68422058254396
F,144.11099334990132
F,107.4997265347348
F,158.0215490782972
F,137.06035851063262
F,215.086481779166
F,260.0432379413635
F,255.61140501424302
F,218.83377509887438
F,152.8071676986812
F,236.44393567862951
F,225.5430536569391
F,219.8612271852632
F,259.20361604095
F,226.63865418179492
F,281.9435355155289
F,198.19031042387238
F,122.95967304206944
F,193.39103483206878
F,195.30382307568212
F,159.85217143949143
F,171.49656195513063
F,276.52495126396934
F,209.4193410039634
F,297.11317467153015
F,151.36192773694154
F,193.63033748107978
F,228.11733402212235
F,276.57586386199495
F,229.3579794795867
F,167.56023557338517
F,306.9771724769134
F,251.2666109592484
F,245.03330989440224
F,238.84043623941332
F,91.88679102757321
F,200.74932128347757
F,210.79642924310988
F,158.9369787064595
F,236.12669422405187
F,143.70312543075778
F,110.12351585251366
F,117.8212733026547
F,261.1495061655199
F,211.34902029483874
F,250.42876268488664
F,183.94711260337854
F,170.56445733704527
F,130.4972355770381
F,296.2741925373764
F,205.17274585429462
F,201.71748247338272
F,197.11373144026086
F,192.60065364789597
F,200.03045005106125
F,263.8029834839899
F,277.8473744023735
F,213.03222257330876
F,215.56076950767456
F,230.52158228210823
F,153.00364023826486
F,210.56427395821632
F,152.72411717247482
F,162.76002332523848
F,274.98306133145354
F,313.7066707092435
F,294.66612740759
F,177.34432810133336
F,126.8725113372583
F,99.91314454371413
F,212.7830684268622
F,153.19648978260062
F,172.57282934086243
F,210.37345560077438
F,246.7318569597167
F,351.4396456366083
F,151.23720979094296
F,138.37591753372746
F,307.8415574142681
F,234.63939282029042
F,150.88310805504796
F,256.11916915499035
F,129.79463696117938
F,280.1309870796522
F,254.10501239230737
F,71.64538366682692
F,119.00695261819483
F,257.3605597229134
F,128.15135639084428
F,174.70356204832558
F,172.77793922852496
F,181.2899848688179
F,198.89118404247958
F,236.07040380247577
F,153.4347667997343
F,220.61679499952197
F,303.7458811015545
F,221.12246469769886
F,154.22290695739179
F,191.68751505328655
F,241.97772054151142
F,250.46435902058255
F,261.068184718026
F,180.33969920750513
F,242.57184666730012
F,227.71288224908415
F,264.59630287462215
F,137.95197192688585
F,344.16845146436697
F,249.50801803326888
F,193.7834940483153
F,219.9470785774999
F,203.7519779979946
F,141.11013266609893
F,242.6001220412928
F,185.35895112204767
F,268.8230461890411
F,109.54828213040861
F,274.43230719380523
F,155.61197317825776
F,234.91945387320294
F,217.57917217021367
F,235.16546535050566
F,226.23322301684786
F,249.68337865648562
F,282.7745994802981
F,164.47165635069726
F,281.2671701613229
F,193.82984757272214
F,237.6364726809963
F,270.8419277464734
F,260.9997040321624
F,266.3412825537837
F,293.2048841517235
F,244.13445514260505
F,204.65092911771507
F,244.7698686253689
F,232.46368118744894
F,268.33613063930807
F,207.36828333597867
F,183.12787726153923
F,157.5144996636103
F,121.81745181909616
F,251.73408000482797
F,209.0495156140151
F,155.3271219506111
F,282.0996652421821
F,242.07718119082952
F,172.75990072250335
F,305.26450734569437
F,187.70327437047354
F,215.03777815938804
F,265.6070818298128
F,138.57847657237093
F,334.44977156706386
F,203.64111030965216
F,197.46728161978237
F,220.98310286413758
F,334.96931983618026
F,180.28410038065618
F,190.62677658633302
F,256.906340472848
F,235.0919323136833
F,318.1565857403269
F,265.39707577876766
F,193.08827497935792
F,157.28842405918587
F,261.5448710553395
F,316.7806358433421
F,224.22419408449565
F,298.7846557904212
F,207.29277683615007
F,167.45580819236355
F,208.4208805949514
F,195.45087706819984
F,145.91476208808731
F,193.3643330555942
F,282.8317263310498
F,170.9238594316157
F,174.59393278591145
F,184.5600596215815
F,234.14498545601134
F,243.1830860480462
F,175.42028094645548
F,245.7131307696966
F,305.44076994148264
F,230.41894171947288
F,217.81246125271463
F,300.29062515394907
F,262.8091627933469
F,194.91488846117682
F,90.92581490635764
F,218.14085713575395
F,191.45809621567955
F,201.26561414306315
F,205.5084022325411
F,267.8511423960116
F,261.08976911421865
F,190.22639904939203
F,210.95033670617948
F,188.7427426386299
F,187.45689573696336
F,115.0129028853274
F,249.484819952402
F,238.43725719133198
F,253.14772665998612
F,256.30067992362706
F,204.0924636672859
F,296.5539390586471
F,249.95952230013228
F,298.3651978923211
F,259.2288176394973
F,140.9152149931537
F,129.7196112608924
F,263.09983631765306
F,141.7621520049737
F,152.73313374967157
F,149.59890627074884
F,148.05617137804214
F,132.67623712384278
F,223.61797656742158
F,175.31786272033236
F,118.22214461486669
F,150.5308029605044
F,315.038796632238
F,247.6241051822127
F,141.23573996738241
F,288.9465923475058
F,223.13382849831945
F,236.33337894264602
F,202.01251215436594
F,236.82371339669686
F,204.59455495129214
F,259.9205495623813
F,200.32838323192755
F,234.98481622086615
F,187.60656446674668
F,141.26442367306
F,73.64950268703421
F,210.48337891753653
F,213.67731438536265
F,281.56497673452697
F,238.13748444542412
F,157.71949625626223
F,269.77540607855946
F,208.6982654600841
F,232.2612492221239
F,104.18270813699534
F,162.63441333972025
F,262.00601288802045
F,223.1538336112224
F,236.72781295520724
F,290.6882693687003
F,202.566104423932
F,207.44911787330162
F,150.88924708516035
F,184.93056146989375
F,261.6029582979311
F,149.70466652778617
F,244.3716802131786
F,183.1105184219409
F,241.42936153925064
F,255.53927277318397
F,201.57950411454465
F,121.13820810170819
F,195.37091371727962
F,242.35851697759537
F,187.42161223116824
F,228.85680562244607
F,142.9392641147075
F,190.82481960214085
F,281.5174484830328
F,257.9737607235354
F,202.0820078180967
F,167.5669273804623
F,198.4901000663307
F,218.91504457228734
F,316.1225665597235
F,232.41402504048358
F,145.35027213614364
F,129.2191174129818
F,217.8071357237441
F,283.261361102568
F,220.95835803289867
F,228.3191909853677
F,166.06880047588163
F,155.70086125968908
F,251.1938768141059
F,200.2920445245385
F,215.8544261593156
F,291.0855560478805
F,242.47576495277917
F,237.41597961537255
F,228.99781899615311
F,265.63641021586386
F,139.87292039890139
F,185.5599872057866
F,192.38492470393976
F,284.73081751549734
F,246.87661359392297
F,157.60049734553326
F,253.99484314876972
F,211.4941680867755
F,239.2911342249112
F,226.07379618741734
F,123.35432783342392
F,231.80572418720777
F,152.73426531095663
F,155.67681252807503
F,317.40411374335997
F,180.14374251171057
F,210.31814804119463
F,184.94602610424485
F,252.63814333968148
F,300.06756619100827
F,264.01583897001785
F,250.4024436873185
F,204.96548487247995
F,184.90254063931746
F,124.23275596971727
F,228.92615241582828
F,230.39683069862122
F,201.53493111022846
F,202.4068810057164
F,131.48865565393055
F,255.61487982328944
F,124.1108509519012
F,187.8655307167764
F,187.71790718922642
F,201.84711908090281
F,234.15025237141867
F,249.09289595234583
F,252.41144775867792
F,119.5519393352836
F,237.28763776801597
F,216.5466809333068
F,224.67940127509308
F,186.4237364353987
F,174.18203642088505
F,234.16913325389064
F,145.0327902014381
F,242.05099214081577
F,183.2203017593681
F,231.81740650291223
F,186.7912053634185
F,243.39198275997728
F,179.4316077907007
F,202.19728018500905
F,154.67504280279022
F,219.99868885626603
F,249.61511154462235
F,154.22863416637483
F,212.31487046221255
F,147.9914490981605
F,214.1209792678489
F,219.28103574038704
F,159.9286845501472
F,239.05438228333426
F,187.1105848923044
F,210.01706783307864
F,202.69452408103206
F,197.67351243468053
F,174.0435411332512
F,244.72854064874588
F,114.32095178808221
F,220.84596672503633
F,218.0153170516317
F,215.80421269725554
F,107.47608203169318
F,140.32392225051748
F,195.33866477756962
F,215.82285643556335
F,172.18485501634126
F,178.67583708782215
F,303.3959341507151
F,215.7257774732188
F,230.8022695325671
F,275.0052531377991
F,110.4887505880236
F,221.0413585910371
F,244.7356503023559
F,201.56488127445238
F,209.1139005427506
F,133.70356690107508
F,137.76613857603314
F,175.88020580317735
F,260.14971334397313
F,341.96489805409243
F,300.09667726909606
F,158.6504229755008
F,192.897640597573
F,147.29538892967238
F,270.9955745949306
F,211.3439996801661
F,329.04033185637496
F,123.67399949244222
F,140.6786552146608
F,258.62090772627
F,159.2337791997959
F,220.6670862712011
F,58.81846148050579
F,241.89564410089253
F,218.92317558930543
F,240.88662710312096
F,167.99791982965797
F,202.4847514145375
F,186.75147053049142
F,267.29769627147766
F,268.00100613643053
F,221.55895117139238
F,236.7263116048418
F,213.1648620836458
F,201.59122864132928
F,192.29521842592135
F,238.39163907891572
F,132.23223556523342
F,204.48904385182328
F,145.4766246843529
F,221.55884106520887
F,283.78627244575455
F,220.57895056252028
F,156.44465810870497
F,186.10253266511924
F,200.1655313627038
F,245.4889347620669
F,145.28712562900017
F,240.95895347778716
F,236.9925882800992
F,291.1853606762172
F,254.8453100024043
F,138.209562828806
F,206.83222543142963
F,320.1134645072946
F,134.32868158003987
F,98.09717344094456
F,196.4382912223959
F,251.47576625462546
F,220.69038308706857
F,180.13484951705883
F,196.5376396776358
F,165.79420982622486
F,152.44980358048394
F,264.061918827699
F,203.9128708565758
F,228.75289835947558
F,246.2003620180561
F,222.72953654278766
F,96.49626212646749
F,218.6652168893803
F,204.72596436043207
F,225.6899194795399
F,164.63788248884123
F,218.83687687295398
F,211.62265720793738
F,173.62936338078697
F,192.06996469773617
F,194.67073674014864
F,139.59913177602184
F,147.63097300736777
F,258.13014182094105
F,206.87744549831865
F,229.18079567086
F,327.6385606797111
F,151.59996667852772
F,243.7606268806743
F,188.03563257247643
F,152.44569034604905
F,229.04536467361908
F,180.83770747871193
F,302.53256842332706
F,161.46869441571658
F,178.57961004319657
F,245.16981694218072
F,281.0751958534531
F,250.5098262304368
F,303.48774892082406
F,141.5536738827032
F,195.28829154180806
F,187.8638246830255
F,297.7306229977936
F,257.2167530795506
F,267.10023386381465
F,296.3999438086582
F,327.46135692064155
F,236.99829399656744
F,187.9829019329483
F,133.19610676123298
F,163.01832170474302
F,229.46284651306274
F,185.55338489298393
F,202.4031170872298
F,318.69145100270646
F,238.31908591998558
F,151.55508585880932
F,221.05566798386968
F,257.91089865237086
F,142.07307656883393
F,303.2318987832497
F,188.58425973677325
F,218.93534219309726
F,250.04947625725953
F,225.0352956907802
F,121.36438415977462
F,186.08796555480865
F,224.72364180202024
F,154.71764497570294
F,241.85731409673204
F,191.50031440043924
F,176.7504057227186
F,205.1737428267429
F,266.599072168378
F,247.4599946708263
F,228.98625628557755
F,211.32917681209017
F,176.43043948183424
F,99.73780966002984
F,226.93886886874384
F,107.91592703013757
F,247.97697311135232
F,186.92214895457604
F,215.16745684243128
F,214.46963972673967
F,226.73281241738889
F,213.09925873621577
F,209.31206800179987
F,126.6972560320697
F,137.53185997233922
F,280.0247159278076
F,175.3570929106795
F,296.73240155285646
F,200.72571688661924
F,120.75474406191049
F,159.67739172521942
F,159.35337894029283
F,191.21298610336206
F,271.49193303586355
F,123.96982053403845
F,156.53081892460398
F,216.52627127685935
F,252.03340835395832
F,219.08186832184322
F,142.05352309027626
F,253.34907281433465
F,255.82027232789125
F,310.4188361034446
F,243.6754602075952
F,230.77600625116733
F,196.27121238901904
F,184.34686478731228
F,202.02576604815326
F,178.2206565953934
F,175.48007266270247
F,213.03914480539638
F,168.41804481689508
F,280.7954303494606
F,191.99806360803072
F,81.9055633773265
F,163.52052861669722
F,271.25499212254965
F,193.91689687472712
F,212.77344291089676
F,161.4610700381021
F,268.15267190664724
F,147.07169287753857
F,216.26612983083356
F,289.5198519999776
F,193.5747165099274
F,247.15111382090964
F,277.09488735915204
F,293.6409164876687
F,210.02357102217888
F,76.8470773693675
F,173.5642454947436
F,268.2442789237035
F,182.38740656951347
F,208.59604567767548
F,119.43935328559152
F,246.94098079362632
F,135.47892989267373
F,277.86708164781805
F,202.88431142143477
F,222.14687387785742
F,189.87243025716842
F,211.41743277274057
F,131.13553604962578
F,320.7681568659268
F,305.67553384515355
F,229.83994663366687
F,180.6600621344641
F,141.32621974818161
F,183.40423644314532
F,203.35075879357967
F,222.92680318240426
F,377.7074258550244
F,257.62844422377793
F,124.2782242112472
F,240.51869940061965
F,131.82227506869168
F,242.2521295576991
F,271.9260926484919
F,244.89731671297926
F,233.29999908796063
F,109.67469462030239
F,219.4936249336964
F,252.4274486182448
F,176.24809222726662
F,229.2558977004798
F,111.29615760994207
F,242.30557262232549
F,126.63938165056403
F,125.48247918187162
F,160.24718470959058
F,208.83388758901995
F,212.34095931357683
F,262.2195761316743
F,224.17454046148941
F,186.92628732486182
F,198.85746668935215
F,226.38393228166942
F,255.54437667230883
F,213.05044294954774
F,119.4210564435722
F,185.8791556799318
F,238.68766812080833
F,110.74884554579988
F,234.22988013820367
F,247.38153697027482
F,277.8658306500065
F,192.11043679123594
F,277.2202922062673
F,163.4449846124832
F,223.44936441549473
F,300.8644850767508
F,201.47895547092142
F,204.85016597312602
F,260.1360971873723
F,207.9503786295447
F,94.36770701409013
F,249.8024704746429
F,173.98036536926884
F,235.97055711295454
F,194.26139900162647
F,161.21432430872545
F,234.64146302171142
F,193.05763307588256
F,234.2423626661242
F,144.68764474046424
F,225.86004839408147
F,233.43300310697566
F,267.0743314486581
F,187.28780785462556
F,191.52914366989756
F,257.928541781984
F,198.7662701405108
F,220.00361030814966
F,199.3649492004559
F,178.26063771794512
F,338.92059456465
F,196.91902850281056
F,192.02291778291257
F,304.77409397275505
F,239.52703254166596
F,268.44209990576144
F,317.95654375206516
F,240.69740639895963
F,179.11522544858673
F,268.66552929294676
F,114.62966183769338
F,157.10044969691262
F,159.7843519883572
F,200.6777543598549
F,238.19237481076246
F,270.0884122554318
F,240.81529823704676
F,241.89707291813923
F,148.58103670197892
F,214.36384300962726
F,234.2015912856972
F,218.54375055296364
F,281.86498091420026
F,155.01090071122906
F,174.76044727735473
F,236.9069931531252
F,165.79013143888324
F,276.8130228641164
F,201.17519111862993
F,261.8523456061032
F,182.30267430954004
F,248.52484313457472
F,261.8536202325664
F,176.75058942906654
F,278.93405210695164
F,192.2996293934581
F,207.48915276442924
F,213.20640387705882
F,287.68284451135816
F,173.50857078582206
F,203.3297825432496
F,117.01806558516202
F,258.854650192945
F,181.7195609345428
F,125.67623995434053
F,211.00046521337035
F,124.09295396497153
F,233.5237462282675
F,152.92077230300617
F,263.9790441627963
F,170.0610955788605
F,336.6970759024577
F,113.86324447376646
F,156.2709012182087
F,194.1928100156623
F,145.24099273321332
F,188.12348511542098
F,177.59892630968562
F,254.4347530134926
F,240.12866151334055
F,185.14976460982476
F,91.42593322017966
F,205.39950972448835
F,182.49343022743022
F,220.2127283770519
F,191.8266241850141
F,267.18573943567844
F,307.3735938902034
F,207.28438971806682
F,118.5290518662824
F,134.6547086483643
F,181.40395713913233
F,255.80846531811736
F,243.14215818164115
F,171.8117668329727
F,147.3117608423668
F,190.43541357109692
F,195.78217251191936
F,146.83684724437907
F,264.1700181412991
F,248.44442484291145
F,118.4052094914431
F,299.9545533757964
F,178.51052905910953
F,140.88919128629973
F,232.461055995954
F,261.40492140604704
F,264.514260712318
F,141.39121673450734
F,175.16167517573834
F,207.51606045950837
F,202.49616872859752
F,200.2862394488134
F,202.14818339079278
F,148.35883626851924
F,203.03180784604518
F,188.55892978965989
F,153.88438722623155
F,223.5755406290341
F,252.77158288645577
F,191.48990887700455
F,225.3251822602984
F,159.03297177526167
F,224.69372333516574
F,186.54013489796665
F,187.55416725556626
F,274.017634356288
F,170.3772924876782
F,237.07201077714666
F,197.5247150182346
F,226.02681535252637
F,136.2634615843445
F,261.8529780455341
F,250.6520820448791
F,245.5956706711779
F,201.32697970495298
F,239.1474877571158
F,253.7922820098389
F,258.4871106219677
F,186.22235329767054
F,217.3530315321706
F,225.25681239779956
F,225.27352285914216
F,235.08344738955805
F,251.59634337328828
F,188.21089724223677
F,221.67016681155198
F,196.93160999413385
F,186.42732749039584
F,251.1222502030837
F,172.7312773467684
F,248.49887119356865
F,269.5382604247525
F,233.97351841275494
F,209.787651704327
F,192.33091475383196
F,268.96820926255856
F,222.16417167975945
F,104.84598586488595
F,195.32935575564167
F,154.29136210092472
F,189.53412515217448
F,165.310537510936
F,208.84799692251488
F,123.07618273953524
F,242.48258816880238
F,186.12842116096297
F,301.55391178243485
F,148.430716271052
F,285.4996413977199
F,184.07923289244908
F,282.98413693029323
F,174.71587833389333
F,165.33462102738218
F,232.76504815441308
F,274.76845446194915
F,315.5742679820252
F,321.173196691214
F,164.0911430503003
F,209.28721681929147
F,179.44153904811736
F,199.82866559751864
F,183.3360302018821
F,200.22595892462624
F,283.4410371320311
F,134.52197059975344
F,295.0442204504544
F,243.9753452034451
F,182.97283243523984
F,291.21938943235983
F,212.12862421617479
F,198.52445384019634
F,234.7631453870419
F,185.61015040996645
F,197.77234030216528
F,223.03020490822806
F,174.64657393357626
F,251.13407210991699
F,191.40776776170793
F,319.98765853800353
F,91.90592378851605
F,228.89287906804321
F,235.03327102896122
F,222.906982166352
F,235.62033580037553
F,171.9074779126033
F,262.1632338606741
F,171.1026473377955
F,180.3424517907643
F,219.6640620780959
F,237.0456665196108
F,187.8892408749589
F,119.60718375122515
F,202.18119629066197
F,175.4645818081413
F,134.37974515300013
F,187.45621147076207
F,137.06976962779723
F,159.51322254945947
F,240.61982457545656
F,247.4333124463563
F,301.14892658561814
F,178.87502808323563
F,203.29142977377788
F,261.5491918537558
F,238.1794790789471
F,259.9373555257465
F,263.3842796142865
F,216.53305033339478
F,287.6155102950201
F,279.1580193277216
